{"rounds": [1, 2, 3, 4, 5], "loss": [0.014548762648445674, 0.011813103907566184, 0.01035586475130414, 0.0095950984966818, 0.009184727200064493], "accuracy": [0.99677664012135, 0.9969662495259765, 0.9973454683352294, 0.9981039059537353, 0.9982935153583617], "precision": [0.9954596990311275, 0.9958370510195487, 0.9962149799689062, 0.9977249735595716, 0.998103474260286], "recall": [0.9981031866464339, 0.9981031866464339, 0.9984825493171473, 0.9984825493171473, 0.9984825493171473], "f1": [0.996779369130688, 0.9969682597733561, 0.9973469042262149, 0.998103474260286, 0.9982929399125209]}