{"rounds": [1, 2, 3, 4, 5], "loss": [0.01502871448765706, 0.012158391940951528, 0.010385090925686713, 0.009885871897837023, 0.009019102880689958], "accuracy": [0.9969662495259765, 0.9977246871444824, 0.997155858930603, 0.9979142965491088, 0.9981039059537353], "precision": [0.9954614117000824, 0.9973461856807836, 0.9958376279804853, 0.9977243992034246, 0.9973484848484848], "recall": [0.9984825493171473, 0.9981031866464339, 0.9984825493171473, 0.9981031866464339, 0.9988619119878603], "f1": [0.9969691213091836, 0.9977243992034246, 0.9971580135835469, 0.9979137211032679, 0.9981046247156937]}