{"rounds": [1, 2, 3, 4, 5], "loss": [0.01668656739214232, 0.014997376057433204, 0.014808615848081996, 0.013884226266703695, 0.013306191901489225], "accuracy": [0.9979142965491088, 0.9979142965491088, 0.9981039059537353, 0.9981039059537353, 0.9982935153583617], "precision": [0.9965969167354298, 0.9965969167354298, 0.9969731336623666, 0.9969731336623666, 0.9973510596802244], "recall": [0.9992415623814941, 0.9992415623814941, 0.9992415623814941, 0.9992415623814941, 0.9992415623814941], "f1": [0.9979169882141965, 0.9979169882141965, 0.998105844896468, 0.998105844896468, 0.9982949153317807]}