{
  "fedavg": {
    "method": "fedavg",
    "rounds": [
      1,
      2,
      3,
      4,
      5
    ],
    "loss": [
      0.014859451405479805,
      0.012294797723444356,
      0.010504866336951633,
      0.009571064105188149,
      0.008971490873732219
    ],
    "accuracy": [
      0.9963974213120971,
      0.9977246871444824,
      0.9979142965491088,
      0.9981039059537353,
      0.9981039059537353
    ],
    "precision": [
      0.9954562607027053,
      0.9973461856807836,
      0.9973470489581181,
      0.9977249735595716,
      0.9977249735595716
    ],
    "recall": [
      0.9973444613050076,
      0.9981031866464339,
      0.9984825493171473,
      0.9984825493171473,
      0.9984825493171473
    ],
    "f1": [
      0.9963991450339572,
      0.9977243992034246,
      0.9979144403015006,
      0.998103474260286,
      0.998103474260286
    ]
  },
  "median": {
    "method": "median",
    "rounds": [
      1,
      2,
      3,
      4,
      5
    ],
    "loss": [
      0.014548762648445674,
      0.011813103907566184,
      0.01035586475130414,
      0.0095950984966818,
      0.009184727200064493
    ],
    "accuracy": [
      0.99677664012135,
      0.9969662495259765,
      0.9973454683352294,
      0.9981039059537353,
      0.9982935153583617
    ],
    "precision": [
      0.9954596990311275,
      0.9958370510195487,
      0.9962149799689062,
      0.9977249735595716,
      0.998103474260286
    ],
    "recall": [
      0.9981031866464339,
      0.9981031866464339,
      0.9984825493171473,
      0.9984825493171473,
      0.9984825493171473
    ],
    "f1": [
      0.996779369130688,
      0.9969682597733561,
      0.9973469042262149,
      0.998103474260286,
      0.9982929399125209
    ]
  },
  "krum": {
    "method": "krum",
    "rounds": [
      1,
      2,
      3,
      4,
      5
    ],
    "loss": [
      0.01502871448765706,
      0.012158391940951528,
      0.010385090925686713,
      0.009885871897837023,
      0.009019102880689958
    ],
    "accuracy": [
      0.9969662495259765,
      0.9977246871444824,
      0.997155858930603,
      0.9979142965491088,
      0.9981039059537353
    ],
    "precision": [
      0.9954614117000824,
      0.9973461856807836,
      0.9958376279804853,
      0.9977243992034246,
      0.9973484848484848
    ],
    "recall": [
      0.9984825493171473,
      0.9981031866464339,
      0.9984825493171473,
      0.9981031866464339,
      0.9988619119878603
    ],
    "f1": [
      0.9969691213091836,
      0.9977243992034246,
      0.9971580135835469,
      0.9979137211032679,
      0.9981046247156937
    ]
  }
}