{"rounds": [1, 2, 3, 4, 5], "loss": [0.014593695747970734, 0.011987307174325116, 0.010427094221755539, 0.009520921750683238, 0.009058094763096197], "accuracy": [0.99677664012135, 0.9969662495259765, 0.9981039059537353, 0.9981039059537353, 0.9982935153583617], "precision": [0.9954596990311275, 0.9958370510195487, 0.9977249735595716, 0.9977249735595716, 0.998103474260286], "recall": [0.9981031866464339, 0.9981031866464339, 0.9984825493171473, 0.9984825493171473, 0.9984825493171473], "f1": [0.996779369130688, 0.9969682597733561, 0.998103474260286, 0.998103474260286, 0.9982929399125209]}