{"rounds": [1, 2, 3], "loss": [0.006436025258153677, 0.004214076092466712, 0.0033772314491216093], "accuracy": [0.9986727341676147, 0.9988623435722411, 0.9990519529768677], "precision": [0.9984836997725549, 0.9988619119878603, 0.9988627748294162], "recall": [0.9988619119878603, 0.9988619119878603, 0.9992412746585737], "f1": [0.9986727341676147, 0.9988619119878603, 0.9990519529768677]}