{"rounds": [1, 2, 3, 4, 5], "loss": [0.014859451405479805, 0.012294797723444356, 0.010504866336951633, 0.009571064105188149, 0.008971490873732219], "accuracy": [0.9963974213120971, 0.9977246871444824, 0.9979142965491088, 0.9981039059537353, 0.9981039059537353], "precision": [0.9954562607027053, 0.9973461856807836, 0.9973470489581181, 0.9977249735595716, 0.9977249735595716], "recall": [0.9973444613050076, 0.9981031866464339, 0.9984825493171473, 0.9984825493171473, 0.9984825493171473], "f1": [0.9963991450339572, 0.9977243992034246, 0.9979144403015006, 0.998103474260286, 0.998103474260286]}